{"_wandb":{"runtime":3220},"_timestamp":1.7822793591468122e+09,"train_acc":99.78823312770463,"learning_rate":6.15582970243117e-06,"_runtime":3220,"val_loss":0.7051186922718496,"val_acc":99.0791896869245,"epoch":20,"train_loss":0.7074224832570606,"_step":19}