{"_timestamp":1.7822761338384676e+09,"train_loss":0.46004923681418103,"learning_rate":0.0002500000000000001,"train_acc":98.22282980177717,"val_acc":98.72495446265938,"val_loss":0.44488318732806614,"_wandb":{"runtime":78},"_runtime":78,"epoch":3,"_step":2}